url,date_posted,location,type,qualification,position,minimum_experience,sector,workers,miscellaneous,skills,min_salary,max_salary,avg_salary,locations,qualifications,miscellaneouses
https://www.jobstreet.co.id/id/job/oracle-dba-4405462?jobId=jobstreet-id-job-4405462&sectionRank=10&token=0~19cd48af-0b11-45ff-9d22-106e31651716&fr=SRP%20Job%20Listing,2023-07-14,Tangerang,Penuh Waktu,Sarjana (S1),Pegawai (non-manajemen & non-supervisor),1,Komputer/Teknik Informatika (Perangkat Lunak),1001 - 2000,"Asuransi kesehatan, Senin - Jumat, Kasual (contoh: Kaos)","['OCI', 'DBMS', 'communication skills']",,,,['Tangerang'],['Sarjana (S1)'],"['Asuransi kesehatan', 'Senin - Jumat', 'Kasual (contoh: Kaos)']"
https://www.jobstreet.co.id/id/job/data-engineer-4404278?jobId=jobstreet-id-job-4404278&sectionRank=44&token=0~d29da81e-223d-435b-aa1d-f687b68539fd&fr=SRP%20Job%20Listing,2023-07-14,Surabaya,Penuh Waktu,"Sertifikat Professional, D3 (Diploma), D4 (Diploma), Sarjana (S1)",Pegawai (non-manajemen & non-supervisor),1,Komputer/Teknik Informatika (Perangkat Lunak),1- 50,"Senin - Jumat, Kasual (contoh: Kaos)","['Python', 'Java', 'shell scripting', 'Linux', 'Microsoft Excel', 'DBMS', 'data modeling']",4300000,6020000,5160000.0,['Surabaya'],"['Sertifikat Professional', 'D3 (Diploma)', 'D4 (Diploma)', 'Sarjana (S1)']","['Senin - Jumat', 'Kasual (contoh: Kaos)']"
https://www.jobstreet.co.id/id/job/data-engineer-4403763?jobId=jobstreet-id-job-4403763&sectionRank=71&token=0~847fbbe3-8e91-4eaa-8dde-e8b0f70be190&fr=SRP%20Job%20Listing,2023-07-13,Jakarta Pusat,Penuh Waktu,Sarjana (S1),Pegawai (non-manajemen & non-supervisor),3,"Konsultasi (IT, Ilmu Pengetahuan, Teknis & Teknikal)",51 - 200,"Tunjangan Pendidikan, Tip, Asuransi kesehatan, Senin - Jumat, Bisnis (contoh: Kemeja)","['SQL', 'coding', 'Python', 'Talend Studio', 'DBMS', 'data warehousing', 'data visualization', 'Machine Learning', 'team player']",,,,['Jakarta Pusat'],['Sarjana (S1)'],"['Tunjangan Pendidikan', 'Tip', 'Asuransi kesehatan', 'Senin - Jumat', 'Bisnis (contoh: Kemeja)']"
https://www.jobstreet.co.id/id/job/data-engineer-manager-4403590?jobId=jobstreet-id-job-4403590&sectionRank=76&token=0~847fbbe3-8e91-4eaa-8dde-e8b0f70be190&fr=SRP%20Job%20Listing,2023-07-13,Tangerang,Penuh Waktu,Sarjana (S1),Manajer/Asisten Manajer,6,Retail/Merchandise,Lebih dari 5000,"Asuransi Gigi, Asuransi kesehatan, Pinjaman, Senin - Jumat, Bisnis (contoh: Kemeja), Kasual (contoh: Kaos)",['data warehousing'],,,,['Tangerang'],['Sarjana (S1)'],"['Asuransi Gigi', 'Asuransi kesehatan', 'Pinjaman', 'Senin - Jumat', 'Bisnis (contoh: Kemeja)', 'Kasual (contoh: Kaos)']"
https://www.jobstreet.co.id/id/job/mining-data-engineer-analyst-4403176?jobId=jobstreet-id-job-4403176&sectionRank=90&token=0~847fbbe3-8e91-4eaa-8dde-e8b0f70be190&fr=SRP%20Job%20Listing,2023-07-13,Kotabaru,Penuh Waktu,Sarjana (S1),Supervisor/Koordinator,2,Pertambangan,501 - 1000,"Asuransi kesehatan, Mess, Seragam, Sistem Roster",['data analysis'],,,,['Kotabaru'],['Sarjana (S1)'],"['Asuransi kesehatan', 'Mess', 'Seragam', 'Sistem Roster']"
https://www.jobstreet.co.id/id/job/etl-developer-4402820?jobId=jobstreet-id-job-4402820&sectionRank=97&token=0~2856dea4-60be-4b73-9670-cfb6b7ab1026&fr=SRP%20Job%20Listing,2023-07-13,Jakarta Raya,Kontrak,"Sertifikat Professional, D3 (Diploma), D4 (Diploma), Sarjana (S1), Diploma Pascasarjana, Gelar Professional, Magister (S2)",Pegawai (non-manajemen & non-supervisor),3,"Konsultasi (IT, Ilmu Pengetahuan, Teknis & Teknikal)",501 - 1000,"Asuransi Gigi, Tip, Asuransi kesehatan, Penglihatan, Bisnis (contoh: Kemeja), Senin - Jumat","['SQL', 'T-SQL', 'SSAS', 'SSIS', 'SSRS', 'C#', 'OCI', 'shell scripting', 'Linux', 'Windows', 'Microsoft .NET Framework', 'Visual Basic', 'Talend Studio', 'Pentaho', 'Informatica', 'DBMS', 'data warehousing', 'data analysis', 'communication skills', 'english']",,,,['Jakarta Raya'],"['Sertifikat Professional', 'D3 (Diploma)', 'D4 (Diploma)', 'Sarjana (S1)', 'Diploma Pascasarjana', 'Gelar Professional', 'Magister (S2)']","['Asuransi Gigi', 'Tip', 'Asuransi kesehatan', 'Penglihatan', 'Bisnis (contoh: Kemeja)', 'Senin - Jumat']"
https://www.jobstreet.co.id/id/job/senior-associate-dba-4402364?jobId=jobstreet-id-job-4402364&sectionRank=120&token=0~2856dea4-60be-4b73-9670-cfb6b7ab1026&fr=SRP%20Job%20Listing,2023-07-12,Jakarta Selatan,Penuh Waktu,Sarjana (S1),Pegawai (non-manajemen & non-supervisor),1,Komputer/Teknik Informatika (Perangkat Lunak),51 - 200,"Asuransi Gigi, Tip, Asuransi kesehatan, Senin - Jumat, Bisnis (contoh: Kemeja), Career Development & Training","['SQL', 'T-SQL', 'MySQL', 'PostgreSQL', 'NoSQL', 'MongoDB', 'Cassandra', 'OCI', 'Oracle RAC', 'Oracle ASM', 'Data Guard', 'Oracle GoldenGate', 'Redis', 'DBMS', 'data analysis', 'data visualization', 'communication skills', 'proactive']",,,,['Jakarta Selatan'],['Sarjana (S1)'],"['Asuransi Gigi', 'Tip', 'Asuransi kesehatan', 'Senin - Jumat', 'Bisnis (contoh: Kemeja)', 'Career Development & Training']"
https://www.jobstreet.co.id/id/job/data-engineer-4402266?jobId=jobstreet-id-job-4402266&sectionRank=129&token=0~2299ede8-dcf6-4776-92ea-d41bad327f06&fr=SRP%20Job%20Listing,2023-07-12,Jakarta Selatan,Penuh Waktu,Sarjana (S1),Pegawai (non-manajemen & non-supervisor),1,Komputer/Teknik Informatika (Perangkat Lunak),51 - 200,"Asuransi Gigi, Tip, Asuransi kesehatan, Senin - Jumat, Bisnis (contoh: Kemeja), Career Development & Training",[],,,,['Jakarta Selatan'],['Sarjana (S1)'],"['Asuransi Gigi', 'Tip', 'Asuransi kesehatan', 'Senin - Jumat', 'Bisnis (contoh: Kemeja)', 'Career Development & Training']"
https://www.jobstreet.co.id/id/job/associate-sql-dba-4402243?jobId=jobstreet-id-job-4402243&sectionRank=133&token=0~2299ede8-dcf6-4776-92ea-d41bad327f06&fr=SRP%20Job%20Listing,2023-07-12,Jakarta Selatan,Penuh Waktu,Sarjana (S1),Pegawai (non-manajemen & non-supervisor),1,Komputer/Teknik Informatika (Perangkat Lunak),51 - 200,"Asuransi Gigi, Tip, Asuransi kesehatan, Senin - Jumat, Bisnis (contoh: Kemeja), Career Development & Training","['SQL', 'T-SQL', 'DBMS']",,,,['Jakarta Selatan'],['Sarjana (S1)'],"['Asuransi Gigi', 'Tip', 'Asuransi kesehatan', 'Senin - Jumat', 'Bisnis (contoh: Kemeja)', 'Career Development & Training']"
https://www.jobstreet.co.id/id/job/associate-dba-4402234?jobId=jobstreet-id-job-4402234&sectionRank=135&token=0~2299ede8-dcf6-4776-92ea-d41bad327f06&fr=SRP%20Job%20Listing,2023-07-12,Jakarta Selatan,Penuh Waktu,Sarjana (S1),Pegawai (non-manajemen & non-supervisor),1,Komputer/Teknik Informatika (Perangkat Lunak),51 - 200,"Asuransi Gigi, Tip, Asuransi kesehatan, Senin - Jumat, Bisnis (contoh: Kemeja), Career Development & Training","['data visualization', 'communication skills', 'attention to detail']",,,,['Jakarta Selatan'],['Sarjana (S1)'],"['Asuransi Gigi', 'Tip', 'Asuransi kesehatan', 'Senin - Jumat', 'Bisnis (contoh: Kemeja)', 'Career Development & Training']"
https://www.jobstreet.co.id/id/job/etl-developer-4400847?jobId=jobstreet-id-job-4400847&sectionRank=191&token=0~f9c2195a-79a4-42a7-b622-5b9d2412a9bc&fr=SRP%20Job%20Listing,2023-07-11,Jakarta Selatan,Penuh Waktu,Sarjana (S1),Pegawai (non-manajemen & non-supervisor),,Komputer/Teknik Informatika (Perangkat Lunak),201 - 500,"Senin - Jumat, Bisnis (contoh: Kemeja)","['IBM', 'IBM DataStage', 'IBM Information Analyzer', 'IBM IGC', 'IBM Infosphere', 'communication skills', 'english']",,,,['Jakarta Selatan'],['Sarjana (S1)'],"['Senin - Jumat', 'Bisnis (contoh: Kemeja)']"
https://www.jobstreet.co.id/id/job/data-engineer-4400331?jobId=jobstreet-id-job-4400331&sectionRank=202&token=0~f9c2195a-79a4-42a7-b622-5b9d2412a9bc&fr=SRP%20Job%20Listing,2023-07-11,Jakarta Raya,Penuh Waktu,"Sertifikat Professional, D3 (Diploma), D4 (Diploma), Sarjana (S1)",Pegawai (non-manajemen & non-supervisor),2,Konsultasi (Bisnis & Manajemen),51 - 200,"Tunjangan Pendidikan, Tip, Asuransi kesehatan, Senin - Jumat, Bisnis (contoh: Kemeja)","['SQL', 'T-SQL', 'SSIS', 'IBM', 'IBM DataStage', 'Talend Studio', 'DBMS', 'data warehousing', 'data analysis', 'fast learner', 'english']",,,,['Jakarta Raya'],"['Sertifikat Professional', 'D3 (Diploma)', 'D4 (Diploma)', 'Sarjana (S1)']","['Tunjangan Pendidikan', 'Tip', 'Asuransi kesehatan', 'Senin - Jumat', 'Bisnis (contoh: Kemeja)']"
https://www.jobstreet.co.id/id/job/data-engineer-4398823?jobId=jobstreet-id-job-4398823&sectionRank=250&token=0~466aed41-aeb6-4024-9f35-2ffc173672a5&fr=SRP%20Job%20Listing,2023-07-10,Jakarta Raya,Penuh Waktu,"Sertifikat Professional, D3 (Diploma), D4 (Diploma), Sarjana (S1), Diploma Pascasarjana, Gelar Professional, Magister (S2)",Pegawai (non-manajemen & non-supervisor),2,"Konsultasi (IT, Ilmu Pengetahuan, Teknis & Teknikal)",51 - 200,"Asuransi kesehatan, Senin - Jumat, Formil (contoh: Kemeja + Dasi)","['SQL', 'T-SQL', 'MySQL', 'PostgreSQL', 'Python', 'Java', 'Hadoop', 'Hive', 'Impala', 'OCI', 'Kafka', 'Sqoop', 'Spark', 'DBMS', 'data visualization', 'Tableau', 'Google Analytics']",,,,['Jakarta Raya'],"['Sertifikat Professional', 'D3 (Diploma)', 'D4 (Diploma)', 'Sarjana (S1)', 'Diploma Pascasarjana', 'Gelar Professional', 'Magister (S2)']","['Asuransi kesehatan', 'Senin - Jumat', 'Formil (contoh: Kemeja + Dasi)']"
https://www.jobstreet.co.id/id/job/data-engineer-4398756?jobId=jobstreet-id-job-4398756&sectionRank=253&token=0~466aed41-aeb6-4024-9f35-2ffc173672a5&fr=SRP%20Job%20Listing,2023-07-10,Jakarta Utara,Penuh Waktu,Sarjana (S1),Supervisor/Koordinator,2,Transportasi/Logistik,501 - 1000,"Asuransi kesehatan, Senin - Jumat, Formil (contoh: Kemeja + Dasi)","['SQL', 'T-SQL', 'MySQL', 'PostgreSQL', 'NoSQL', 'Cassandra', 'coding', 'Python', 'Java', 'Go', 'Hadoop', 'AWS', 'AWS MQTT', 'GCP', 'Google BigQuery', 'Google Dataflow', 'Google Pub/Sub', 'Google Cloud Composer', 'shell scripting', 'Linux', 'Kafka', 'Spark', 'Redis', 'DBMS']",,,,['Jakarta Utara'],['Sarjana (S1)'],"['Asuransi kesehatan', 'Senin - Jumat', 'Formil (contoh: Kemeja + Dasi)']"
https://www.jobstreet.co.id/id/job/data-engineer-etl-developer-4398697?jobId=jobstreet-id-job-4398697&sectionRank=256&token=0~466aed41-aeb6-4024-9f35-2ffc173672a5&fr=SRP%20Job%20Listing,2023-07-10,Jakarta Raya,Penuh Waktu,Sarjana (S1),Pegawai (non-manajemen & non-supervisor),3,Umum & Grosir,51 - 200,"Asuransi Gigi, Asuransi kesehatan, Senin - Jumat, Kasual (contoh: Kaos), BPJS","['SQL', 'T-SQL', 'SSIS', 'NoSQL', 'Python', 'Hadoop', 'IBM', 'IBM DataStage', 'IBM Infosphere', 'Kafka', 'Spark', 'DBMS', 'data warehousing', 'data mart', 'data visualization', 'CDC', 'good attitude', 'communication skills', 'problem-solving skills', 'english']",,,,['Jakarta Raya'],['Sarjana (S1)'],"['Asuransi Gigi', 'Asuransi kesehatan', 'Senin - Jumat', 'Kasual (contoh: Kaos)', 'BPJS']"
https://www.jobstreet.co.id/id/job/data-engineer-etl-developer-4398691?jobId=jobstreet-id-job-4398691&sectionRank=257&token=0~466aed41-aeb6-4024-9f35-2ffc173672a5&fr=SRP%20Job%20Listing,2023-07-10,Jakarta Raya,Penuh Waktu,Sarjana (S1),Pegawai (non-manajemen & non-supervisor),3,"Konsultasi (IT, Ilmu Pengetahuan, Teknis & Teknikal)",201 - 500,"Asuransi Gigi, Tunjangan Pendidikan, Tip, Asuransi kesehatan, Pinjaman, Senin - Jumat, Bisnis (contoh: Kemeja), BPJS, Bonus","['SQL', 'T-SQL', 'SSIS', 'coding', 'Python', 'IBM', 'IBM DataStage', 'Airflow', 'DBMS', 'data warehousing', 'data modeling', 'data visualization', 'good attitude', 'communication skills', 'problem-solving skills', 'english']",,,,['Jakarta Raya'],['Sarjana (S1)'],"['Asuransi Gigi', 'Tunjangan Pendidikan', 'Tip', 'Asuransi kesehatan', 'Pinjaman', 'Senin - Jumat', 'Bisnis (contoh: Kemeja)', 'BPJS', 'Bonus']"
https://www.jobstreet.co.id/id/job/associate-sql-dba-1036368442?jobId=jobstreet-id-job-1036368442&sectionRank=284&token=0~1b7fc31a-d057-48c8-aedb-59e1fb9641c9&fr=SRP%20Job%20Listing,2023-07-09,Jakarta Raya,Penuh Waktu,,,,Komputer/Teknik Informatika (Perangkat Keras),51 - 200,"Asuransi kesehatan, Parkir, Penglihatan, Senin - Jumat, Bisnis (contoh: Kemeja), BPJS","['SQL', 'T-SQL', 'DBMS']",,,,['Jakarta Raya'],,"['Asuransi kesehatan', 'Parkir', 'Penglihatan', 'Senin - Jumat', 'Bisnis (contoh: Kemeja)', 'BPJS']"
https://www.jobstreet.co.id/id/job/officer-specialist-data-engineer-1036368421?jobId=jobstreet-id-job-1036368421&sectionRank=295&token=0~1b7fc31a-d057-48c8-aedb-59e1fb9641c9&fr=SRP%20Job%20Listing,2023-07-09,,,,,,Perbankan/Pelayanan Keuangan,1001 - 2000,"Asuransi kesehatan, Senin - Jumat, Bisnis (contoh: Kemeja)",['DBMS'],,,,,,"['Asuransi kesehatan', 'Senin - Jumat', 'Bisnis (contoh: Kemeja)']"
https://www.jobstreet.co.id/id/job/data-engineer-intern-1036359145?jobId=jobstreet-id-job-1036359145&sectionRank=305&token=0~77d4800b-9dfc-42d6-8f4c-f5fa11aefbcb&fr=SRP%20Job%20Listing,2023-07-07,Jakarta Selatan,,,,,Perbankan/Pelayanan Keuangan,1001 - 2000,"Asuransi kesehatan, Senin - Jumat, Kasual (contoh: Kaos), Birthday Leave","['coding', 'Microsoft Excel', 'data analysis', 'data visualization', 'problem-solving skills', 'independent worker', 'english']",,,,['Jakarta Selatan'],,"['Asuransi kesehatan', 'Senin - Jumat', 'Kasual (contoh: Kaos)', 'Birthday Leave']"
https://www.jobstreet.co.id/id/job/etl-developer-1036358568?jobId=jobstreet-id-job-1036358568&sectionRank=311&token=0~77d4800b-9dfc-42d6-8f4c-f5fa11aefbcb&fr=SRP%20Job%20Listing,2023-07-07,Jakarta Raya,,,,,Komputer/Teknik Informatika (Perangkat Lunak),201 - 500,"Senin - Jumat, Bisnis (contoh: Kemeja)","['IBM', 'IBM DataStage', 'IBM Quality Stage', 'IBM Information Analyzer', 'IBM IGC', 'IBM Infosphere', 'creative', 'english']",,,,['Jakarta Raya'],,"['Senin - Jumat', 'Bisnis (contoh: Kemeja)']"
https://www.jobstreet.co.id/id/job/data-engineer-4396640?jobId=jobstreet-id-job-4396640&sectionRank=330&token=0~77d4800b-9dfc-42d6-8f4c-f5fa11aefbcb&fr=SRP%20Job%20Listing,2023-07-07,Jakarta Raya,Kontrak,Sarjana (S1),Pegawai (non-manajemen & non-supervisor),3,"Konsultasi (IT, Ilmu Pengetahuan, Teknis & Teknikal)",1- 50,"Asuransi kesehatan, Senin - Jumat, Formil (contoh: Kemeja + Dasi)","['SQL', 'T-SQL', 'SSIS', 'Microsoft .NET Framework', 'Visual Basic', 'DBMS', 'data analysis', 'communication skills', 'problem-solving skills', 'able to work under pressure', 'proactive', 'english']",,,,['Jakarta Raya'],['Sarjana (S1)'],"['Asuransi kesehatan', 'Senin - Jumat', 'Formil (contoh: Kemeja + Dasi)']"
https://www.jobstreet.co.id/id/job/big-data-engineer-4395954?jobId=jobstreet-id-job-4395954&sectionRank=372&token=0~7d345555-a4eb-4816-b0a2-ac4f692bcc11&fr=SRP%20Job%20Listing,2023-07-06,Jakarta Raya,Penuh Waktu,"Sertifikat Professional, D3 (Diploma), D4 (Diploma), Sarjana (S1), Diploma Pascasarjana, Gelar Professional, Magister (S2)",Pegawai (non-manajemen & non-supervisor),1,"Konsultasi (IT, Ilmu Pengetahuan, Teknis & Teknikal)",201 - 500,"Asuransi Gigi, Tip, Asuransi kesehatan, Parkir, Senin - Jumat, Bisnis (contoh: Kemeja)","['Python', 'Scala', 'shell scripting', 'Linux', 'data warehousing', 'data analysis', 'communication skills']",,,,['Jakarta Raya'],"['Sertifikat Professional', 'D3 (Diploma)', 'D4 (Diploma)', 'Sarjana (S1)', 'Diploma Pascasarjana', 'Gelar Professional', 'Magister (S2)']","['Asuransi Gigi', 'Tip', 'Asuransi kesehatan', 'Parkir', 'Senin - Jumat', 'Bisnis (contoh: Kemeja)']"
https://www.jobstreet.co.id/id/job/database-engineer-4395480?jobId=jobstreet-id-job-4395480&sectionRank=377&token=0~7d345555-a4eb-4816-b0a2-ac4f692bcc11&fr=SRP%20Job%20Listing,2023-07-06,Jakarta Raya,Penuh Waktu,"Sarjana (S1), Diploma Pascasarjana, Gelar Professional, Magister (S2)",Supervisor/Koordinator,3,Perbankan/Pelayanan Keuangan,Lebih dari 5000,"Asuransi kesehatan, Senin - Jumat, Formil (contoh: Kemeja + Dasi)","['SQL', 'PostgreSQL', 'MariaDB', 'NoSQL', 'MongoDB', 'shell scripting', 'Linux', 'Windows', 'DBMS', 'data analysis', 'team player']",,,,['Jakarta Raya'],"['Sarjana (S1)', 'Diploma Pascasarjana', 'Gelar Professional', 'Magister (S2)']","['Asuransi kesehatan', 'Senin - Jumat', 'Formil (contoh: Kemeja + Dasi)']"
https://www.jobstreet.co.id/id/job/data-engineer-4395230?jobId=jobstreet-id-job-4395230&sectionRank=383&token=0~7d345555-a4eb-4816-b0a2-ac4f692bcc11&fr=SRP%20Job%20Listing,2023-07-06,Jakarta Selatan,Penuh Waktu,Sarjana (S1),Pegawai (non-manajemen & non-supervisor),5,Asuransi,501 - 1000,"Senin - Jumat, Bisnis (contoh: Kemeja)","['data warehousing', 'data analysis', 'data visualization']",,,,['Jakarta Selatan'],['Sarjana (S1)'],"['Senin - Jumat', 'Bisnis (contoh: Kemeja)']"
https://www.jobstreet.co.id/id/job/data-engineer-intern-1036341362?jobId=jobstreet-id-job-1036341362&sectionRank=402&token=0~245eb87a-8937-41db-a688-8c850b91ee9c&fr=SRP%20Job%20Listing,2023-07-05,Jakarta Raya,Penuh Waktu,,,,Perbankan/Pelayanan Keuangan,1001 - 2000,"Asuransi kesehatan, Senin - Jumat, Kasual (contoh: Kaos), Birthday Leave","['coding', 'Microsoft Excel', 'data analysis', 'data visualization', 'communication skills', 'problem-solving skills', 'independent worker', 'attention to detail', 'english']",,,,['Jakarta Raya'],,"['Asuransi kesehatan', 'Senin - Jumat', 'Kasual (contoh: Kaos)', 'Birthday Leave']"
https://www.jobstreet.co.id/id/job/etl-developer-1036340892?jobId=jobstreet-id-job-1036340892&sectionRank=406&token=0~245eb87a-8937-41db-a688-8c850b91ee9c&fr=SRP%20Job%20Listing,2023-07-05,Jakarta Raya,Penuh Waktu,,,,"Konsultasi (IT, Ilmu Pengetahuan, Teknis & Teknikal)",51 - 200,"Asuransi kesehatan, Senin - Jumat, THR, BPJS, Bisnis (contoh: Kemeja)","['SQL', 'T-SQL', 'SSIS', 'OCI', 'Talend Studio', 'Pentaho', 'DBMS', 'data analysis', 'Power BI', 'Tableau', 'communication skills', 'problem-solving skills', 'fast learner']",,,,['Jakarta Raya'],,"['Asuransi kesehatan', 'Senin - Jumat', 'THR', 'BPJS', 'Bisnis (contoh: Kemeja)']"
https://www.jobstreet.co.id/id/job/data-engineer-4393204?jobId=jobstreet-id-job-4393204&sectionRank=466&token=0~23ae355f-d8bc-40c3-a0e4-64b3992d8bd4&fr=SRP%20Job%20Listing,2023-07-04,Jakarta Pusat,Penuh Waktu,Sarjana (S1),Pegawai (non-manajemen & non-supervisor),2,Retail/Merchandise,201 - 500,"Tip, Asuransi kesehatan, Bisnis (contoh: Kemeja), 5 working Day","['SQL', 'T-SQL', 'SSIS', 'SSRS', 'Python', 'Java', 'C#', 'C++', 'Azure', 'Azure Data Factory', 'Azure Synapse', 'Azure Datalake', 'Azure DevOps', 'VCS', 'SCM', 'Git', 'DBMS', 'data warehousing', 'data analysis', 'data visualization']",12000000,18000000,15000000.0,['Jakarta Pusat'],['Sarjana (S1)'],"['Tip', 'Asuransi kesehatan', 'Bisnis (contoh: Kemeja)', '5 working Day']"
https://www.jobstreet.co.id/id/job/data-engineer-internship-1036321596?jobId=jobstreet-id-job-1036321596&sectionRank=503&token=0~8d54e79f-1b68-4256-90b6-b1c7abe478cd&fr=SRP%20Job%20Listing,2023-07-03,Jakarta Raya,Magang,,,,,,,"['SQL', 'T-SQL', 'SSAS', 'Python', 'R', 'Hadoop', 'data governance', 'DBMS', 'data analysis', 'Machine Learning', 'problem-solving skills', 'adaptable']",,,,['Jakarta Raya'],,
https://www.jobstreet.co.id/id/job/data-engineer-4390635?jobId=jobstreet-id-job-4390635&sectionRank=536&token=0~8e92b4a0-6181-4537-b7db-2003ef4fb4a6&fr=SRP%20Job%20Listing,2023-07-03,Jakarta Raya,Penuh Waktu,Sarjana (S1),Supervisor/Koordinator,1,"Konsultasi (IT, Ilmu Pengetahuan, Teknis & Teknikal)",1- 50,"Asuransi Gigi, Tip, Asuransi kesehatan, Senin - Jumat, Kasual (contoh: Kaos), Technical Certification, Meal Allowance, Transport Allowance","['SQL', 'NoSQL', 'coding', 'Python', 'Numpy', 'Pandas', 'Scikit-Learn', 'Matplotlib', 'Seaborn', 'Bokeh', 'Pytorch', 'Tensorflow', 'Java', 'Scala', 'Hadoop', 'Hive', 'Presto', 'AWS', 'AWS EC2', 'AWS S3', 'AWS Lambda', 'AWS Glue', 'AWS Sagemaker', 'AWS Step Function', 'Azure', 'GCP', 'containerization', 'Docker', 'VCS', 'SCM', 'Git', 'Kafka', 'Spark', 'DBMS', 'data visualization', 'Machine Learning']",10000000,20000000,15000000.0,['Jakarta Raya'],['Sarjana (S1)'],"['Asuransi Gigi', 'Tip', 'Asuransi kesehatan', 'Senin - Jumat', 'Kasual (contoh: Kaos)', 'Technical Certification', 'Meal Allowance', 'Transport Allowance']"
https://www.jobstreet.co.id/id/job/data-engineer-4390422?jobId=jobstreet-id-job-4390422&sectionRank=544&token=0~314ac49a-907e-4e85-adfc-2642a5fa8c3c&fr=SRP%20Job%20Listing,2023-07-03,Jakarta Pusat,Penuh Waktu,Sarjana (S1),Pegawai (non-manajemen & non-supervisor),2,Retail/Merchandise,201 - 500,"Tip, Asuransi kesehatan, Bisnis (contoh: Kemeja), 5 working Day","['SQL', 'T-SQL', 'SSIS', 'SSRS', 'Python', 'Java', 'C#', 'C++', 'Azure', 'Azure Data Factory', 'Azure Synapse', 'Azure Datalake', 'Azure DevOps', 'VCS', 'SCM', 'Git', 'DBMS', 'data warehousing', 'data analysis', 'data visualization']",12000000,18000000,15000000.0,['Jakarta Pusat'],['Sarjana (S1)'],"['Tip', 'Asuransi kesehatan', 'Bisnis (contoh: Kemeja)', '5 working Day']"
https://www.jobstreet.co.id/id/job/database-engineer-oracle-certified-4389236?jobId=jobstreet-id-job-4389236&sectionRank=563&token=0~314ac49a-907e-4e85-adfc-2642a5fa8c3c&fr=SRP%20Job%20Listing,2023-06-30,Jakarta Pusat,Penuh Waktu,Sarjana (S1),Pegawai (non-manajemen & non-supervisor),3,Komputer/Teknik Informatika (Perangkat Lunak),201 - 500,"Asuransi Gigi, Asuransi kesehatan, Parkir, Senin - Jumat, Bisnis (contoh: Kemeja)","['SQL', 'PL-SQL', 'coding', 'Java', 'OCI', 'shell scripting', 'Linux', 'Windows', 'DBMS', 'data analysis']",,,,['Jakarta Pusat'],['Sarjana (S1)'],"['Asuransi Gigi', 'Asuransi kesehatan', 'Parkir', 'Senin - Jumat', 'Bisnis (contoh: Kemeja)']"
https://www.jobstreet.co.id/id/job/etl-developer-4376258?jobId=jobstreet-id-job-4376258&sectionRank=594&token=0~577b7e33-a3f3-4f58-880c-b93283dd6667&fr=SRP%20Job%20Listing,2023-06-28,Jakarta Raya,Penuh Waktu,Sarjana (S1),Pegawai (non-manajemen & non-supervisor),1,"Konsultasi (IT, Ilmu Pengetahuan, Teknis & Teknikal)",51 - 200,"Asuransi kesehatan, Senin - Jumat, THR, BPJS, Bisnis (contoh: Kemeja)","['SQL', 'Hadoop', 'Cloudera', 'IBM', 'IBM DataStage', 'OCI', 'Kafka', 'Spark', 'Talend Studio', 'Pentaho', 'DBMS', 'data warehousing', 'data analysis', 'EDW', 'communication skills', 'problem-solving skills', 'attention to detail', 'able to work under pressure']",,,,['Jakarta Raya'],['Sarjana (S1)'],"['Asuransi kesehatan', 'Senin - Jumat', 'THR', 'BPJS', 'Bisnis (contoh: Kemeja)']"
https://www.jobstreet.co.id/id/job/sql-database-engineer-4376864?jobId=jobstreet-id-job-4376864&sectionRank=601&token=0~acdeb924-42ae-4139-8184-902e4dcc52f7&fr=SRP%20Job%20Listing,2023-06-28,Jakarta Raya,Kontrak,"Sarjana (S1), Diploma Pascasarjana, Gelar Professional, Magister (S2)",Pegawai (non-manajemen & non-supervisor),2,Konsultasi (Bisnis & Manajemen),201 - 500,"Asuransi kesehatan, Senin - Jumat, Bisnis (contoh: Kemeja)","['SQL', 'T-SQL', 'SSAS', 'SSIS', 'SSRS', 'coding', 'DBMS', 'data analysis', 'communication skills', 'team player', 'discipline', 'fast learner']",,,,['Jakarta Raya'],"['Sarjana (S1)', 'Diploma Pascasarjana', 'Gelar Professional', 'Magister (S2)']","['Asuransi kesehatan', 'Senin - Jumat', 'Bisnis (contoh: Kemeja)']"
https://www.jobstreet.co.id/id/job/deputy-head-of-data-management-analytics-4387523?jobId=jobstreet-id-job-4387523&sectionRank=630&token=0~acdeb924-42ae-4139-8184-902e4dcc52f7&fr=SRP%20Job%20Listing,2023-06-28,Jakarta Raya,Penuh Waktu,Sarjana (S1),CEO/GM/Direktur/Manajer Senior,10,Konsultasi (Bisnis & Manajemen),51 - 200,"Tip, Asuransi kesehatan, Senin - Jumat, Bisnis (contoh: Kemeja), Jamsostek",['communication skills'],,,,['Jakarta Raya'],['Sarjana (S1)'],"['Tip', 'Asuransi kesehatan', 'Senin - Jumat', 'Bisnis (contoh: Kemeja)', 'Jamsostek']"
https://www.jobstreet.co.id/id/job/data-engineer-4387105?jobId=jobstreet-id-job-4387105&sectionRank=648&token=0~e9a5486f-7c2b-41fb-8d28-03a861025192&fr=SRP%20Job%20Listing,2023-06-27,Jakarta Barat,Penuh Waktu,"Sarjana (S1), Diploma Pascasarjana, Gelar Professional, Magister (S2)",Pegawai (non-manajemen & non-supervisor),2,"Konsultasi (IT, Ilmu Pengetahuan, Teknis & Teknikal)",1001 - 2000,"Asuransi kesehatan, Parkir, Senin - Jumat, Bisnis (contoh: Kemeja)","['SQL', 'T-SQL', 'SSIS', 'coding', 'Talend Studio', 'DBMS', 'data warehousing', 'data mart', 'data analysis', 'data visualization', 'Power BI']",,,,['Jakarta Barat'],"['Sarjana (S1)', 'Diploma Pascasarjana', 'Gelar Professional', 'Magister (S2)']","['Asuransi kesehatan', 'Parkir', 'Senin - Jumat', 'Bisnis (contoh: Kemeja)']"
https://www.jobstreet.co.id/id/job/qa-engineer-sql-ib-1036273185?jobId=jobstreet-id-job-1036273185&sectionRank=694&token=0~c36f667e-9705-4ba7-a749-c5fb1cd832b2&fr=SRP%20Job%20Listing,2023-06-26,,Penuh Waktu,,,,,,,"['SQL', 'coding', 'Python', 'Java', 'Javascript', 'shell scripting', 'DBMS', 'data analysis', 'data visualization', 'node', 'jira', 'problem-solving skills', 'critical thinking']",,,,,,
https://www.jobstreet.co.id/id/job/data-engineer-1036273034?jobId=jobstreet-id-job-1036273034&sectionRank=697&token=0~c36f667e-9705-4ba7-a749-c5fb1cd832b2&fr=SRP%20Job%20Listing,2023-06-26,Bali,Penuh Waktu,,,,,,,"['coding', 'Python', 'Java', 'C#', 'REST API', 'data analysis', 'data visualization', 'Power BI', 'Tableau', 'QlikView', 'communication skills', 'problem-solving skills', 'team player', 'independent worker']",,,,['Bali'],,
https://www.jobstreet.co.id/id/job/it-database-administrator-officer-4384861?jobId=jobstreet-id-job-4384861&sectionRank=717&token=0~c36f667e-9705-4ba7-a749-c5fb1cd832b2&fr=SRP%20Job%20Listing,2023-06-26,Jakarta Pusat,Penuh Waktu,Sarjana (S1),Pegawai (non-manajemen & non-supervisor),2,Perbankan/Pelayanan Keuangan,501 - 1000,"Asuransi Gigi, Asuransi kesehatan, Pinjaman, Penglihatan, Senin - Jumat, Bisnis (contoh: Kemeja), Personal Accident Insurance","['SQL', 'T-SQL', 'SSIS', 'DBMS', 'data warehousing', 'data visualization', 'good attitude', 'problem-solving skills']",,,,['Jakarta Pusat'],['Sarjana (S1)'],"['Asuransi Gigi', 'Asuransi kesehatan', 'Pinjaman', 'Penglihatan', 'Senin - Jumat', 'Bisnis (contoh: Kemeja)', 'Personal Accident Insurance']"
https://www.jobstreet.co.id/id/job/data-engineer-4374592?jobId=jobstreet-id-job-4374592&sectionRank=729&token=0~6b4f653f-4c58-425a-9493-91901171c18b&fr=SRP%20Job%20Listing,2023-06-25,Jakarta Selatan,Penuh Waktu,Sarjana (S1),Supervisor/Koordinator,2,Kesehatan/Medis,2001 - 5000,"Tunjangan Pendidikan, Tip, Penglihatan, Senin - Jumat, Medical Insurance, Kasual (contoh: Kaos)","['SQL', 'T-SQL', 'SSIS', 'MySQL', 'DBMS', 'data warehousing', 'data analysis', 'data visualization', 'DAX', 'Power BI', 'QlikView', 'project management skills']",,,,['Jakarta Selatan'],['Sarjana (S1)'],"['Tunjangan Pendidikan', 'Tip', 'Penglihatan', 'Senin - Jumat', 'Medical Insurance', 'Kasual (contoh: Kaos)']"
https://www.jobstreet.co.id/id/job/data-engineer-banking-company-1036249129?jobId=jobstreet-id-job-1036249129&sectionRank=742&token=0~6b4f653f-4c58-425a-9493-91901171c18b&fr=SRP%20Job%20Listing,2023-06-23,Jakarta Raya,Kontrak,,,,Konsultasi (Bisnis & Manajemen),51 - 200,"Tip, Asuransi kesehatan, Senin - Jumat, Bisnis (contoh: Kemeja), Attractive Salary, THR, BPJS, Annual & Sick Leaves","['SQL', 'T-SQL', 'MySQL', 'PostgreSQL', 'Python', 'AWS', 'AWS Redshift', 'IBM', 'IBM DB2', 'REST API', 'DBMS', 'data warehousing', 'Tableau', 'agile', 'project management skills']",,,,['Jakarta Raya'],,"['Tip', 'Asuransi kesehatan', 'Senin - Jumat', 'Bisnis (contoh: Kemeja)', 'Attractive Salary', 'THR', 'BPJS', 'Annual & Sick Leaves']"
https://www.jobstreet.co.id/id/job/data-engineer-intern-1036249431?jobId=jobstreet-id-job-1036249431&sectionRank=746&token=0~6b4f653f-4c58-425a-9493-91901171c18b&fr=SRP%20Job%20Listing,2023-06-23,Jakarta Raya,Magang,,,,,,,"['SQL', 'Python', 'GCP', 'Airflow', 'DBMS', 'data warehousing', 'data analysis', 'agile', 'communication skills', 'project management skills']",,,,['Jakarta Raya'],,
https://www.jobstreet.co.id/id/job/it-data-warehouse-engineer-4383694?jobId=jobstreet-id-job-4383694&sectionRank=753&token=0~78a7e85a-6639-4c47-9168-57e623b3c8b9&fr=SRP%20Job%20Listing,2023-06-23,Jakarta Raya,Kontrak,Sarjana (S1),Pegawai (non-manajemen & non-supervisor),2,Konsultasi (Bisnis & Manajemen),501 - 1000,"Asuransi Gigi, Tunjangan Pendidikan, Tip, Asuransi kesehatan, Pinjaman, Olahraga (contoh: pusat kebugaran), Penglihatan, Senin - Jumat, Bisnis (contoh: Kemeja)","['Hadoop', 'Cloudera', 'OCI', 'Talend Studio', 'DBMS', 'data warehousing', 'CDC', 'EDW']",8000000,12000000,10000000.0,['Jakarta Raya'],['Sarjana (S1)'],"['Asuransi Gigi', 'Tunjangan Pendidikan', 'Tip', 'Asuransi kesehatan', 'Pinjaman', 'Olahraga (contoh: pusat kebugaran)', 'Penglihatan', 'Senin - Jumat', 'Bisnis (contoh: Kemeja)']"
https://www.jobstreet.co.id/id/job/data-engineer-4383676?jobId=jobstreet-id-job-4383676&sectionRank=755&token=0~78a7e85a-6639-4c47-9168-57e623b3c8b9&fr=SRP%20Job%20Listing,2023-06-23,Jakarta Raya,Kontrak,Sarjana (S1),Pegawai (non-manajemen & non-supervisor),2,Konsultasi (Bisnis & Manajemen),501 - 1000,"Asuransi Gigi, Tunjangan Pendidikan, Tip, Asuransi kesehatan, Pinjaman, Olahraga (contoh: pusat kebugaran), Penglihatan, Senin - Jumat, Bisnis (contoh: Kemeja)","['SQL', 'PostgreSQL', 'MariaDB', 'OCI', 'DBMS', 'data warehousing', 'data analysis']",,,,['Jakarta Raya'],['Sarjana (S1)'],"['Asuransi Gigi', 'Tunjangan Pendidikan', 'Tip', 'Asuransi kesehatan', 'Pinjaman', 'Olahraga (contoh: pusat kebugaran)', 'Penglihatan', 'Senin - Jumat', 'Bisnis (contoh: Kemeja)']"
https://www.jobstreet.co.id/id/job/engineering-lead-4383068?jobId=jobstreet-id-job-4383068&sectionRank=774&token=0~78a7e85a-6639-4c47-9168-57e623b3c8b9&fr=SRP%20Job%20Listing,2023-06-23,Jakarta Barat,Penuh Waktu,"Sertifikat Professional, D3 (Diploma), D4 (Diploma), Sarjana (S1)",Supervisor/Koordinator,3,Komputer/Teknik Informatika (Perangkat Lunak),51 - 200,"Asuransi kesehatan, Senin - Jumat, Kasual (contoh: Kaos)","['SQL', 'T-SQL', 'SSIS', 'shell scripting', 'Linux', 'VCS', 'SCM', 'Git', 'Bitbucket', 'SVN', 'Talend Studio', 'DBMS', 'data warehousing', 'data analysis', 'team player']",,,,['Jakarta Barat'],"['Sertifikat Professional', 'D3 (Diploma)', 'D4 (Diploma)', 'Sarjana (S1)']","['Asuransi kesehatan', 'Senin - Jumat', 'Kasual (contoh: Kaos)']"
https://www.jobstreet.co.id/id/job/data-engineer-banking-1036243038?jobId=jobstreet-id-job-1036243038&sectionRank=809&token=0~0ab77bd4-4c83-46db-b221-ce8d6f76b6ae&fr=SRP%20Job%20Listing,2023-06-22,Tangerang,Penuh Waktu,,,,Konsultasi (Bisnis & Manajemen),51 - 200,"Tip, Asuransi kesehatan, Senin - Jumat, Bisnis (contoh: Kemeja), Attractive Salary, THR, BPJS, Annual & Sick Leaves","['DBMS', 'data analysis']",,,,['Tangerang'],,"['Tip', 'Asuransi kesehatan', 'Senin - Jumat', 'Bisnis (contoh: Kemeja)', 'Attractive Salary', 'THR', 'BPJS', 'Annual & Sick Leaves']"
https://www.jobstreet.co.id/id/job/data-engineer-4381821?jobId=jobstreet-id-job-4381821&sectionRank=826&token=0~d36a3f93-bac4-4031-8bd2-8f94ed94d49e&fr=SRP%20Job%20Listing,2023-06-22,Jakarta Raya,Kontrak,Sarjana (S1),Pegawai (non-manajemen & non-supervisor),1,Konsultasi (Bisnis & Manajemen),201 - 500,"Asuransi kesehatan, Senin - Jumat, Bisnis (contoh: Kemeja)","['SQL', 'T-SQL', 'coding', 'containerization', 'REST API', 'DBMS', 'data warehousing', 'data mart', 'data modeling']",,,,['Jakarta Raya'],['Sarjana (S1)'],"['Asuransi kesehatan', 'Senin - Jumat', 'Bisnis (contoh: Kemeja)']"
https://www.jobstreet.co.id/id/job/advanced-data-engineer-4380549?jobId=jobstreet-id-job-4380549&sectionRank=835&token=0~d36a3f93-bac4-4031-8bd2-8f94ed94d49e&fr=SRP%20Job%20Listing,2023-06-21,Jakarta Raya,Penuh Waktu,"Sarjana (S1), Diploma Pascasarjana, Gelar Professional, Magister (S2)",Pegawai (non-manajemen & non-supervisor),2,Komputer/Teknik Informatika (Perangkat Lunak),51 - 200,"Asuransi kesehatan, Senin - Jumat, Bisnis (contoh: Kemeja)","['SQL', 'T-SQL', 'SSAS', 'SSIS', 'SSRS', 'DBMS', 'data warehousing', 'data modeling', 'data analysis', 'data visualization', 'communication skills', 'problem-solving skills']",8700000,11700000,10200000.0,['Jakarta Raya'],"['Sarjana (S1)', 'Diploma Pascasarjana', 'Gelar Professional', 'Magister (S2)']","['Asuransi kesehatan', 'Senin - Jumat', 'Bisnis (contoh: Kemeja)']"
https://www.jobstreet.co.id/id/job/jr-data-engineer-1036231602?jobId=jobstreet-id-job-1036231602&sectionRank=837&token=0~d36a3f93-bac4-4031-8bd2-8f94ed94d49e&fr=SRP%20Job%20Listing,2023-06-21,Jakarta Raya,Penuh Waktu,,,,,,,"['SQL', 'Python', 'AWS', 'GCP', 'Kafka', 'Airflow', 'DBMS', 'data analysis', 'data visualization', 'adaptable']",,,,['Jakarta Raya'],,
https://www.jobstreet.co.id/id/job/sr.-data-engineer-1036231800?jobId=jobstreet-id-job-1036231800&sectionRank=838&token=0~d36a3f93-bac4-4031-8bd2-8f94ed94d49e&fr=SRP%20Job%20Listing,2023-06-21,Jakarta Raya,Penuh Waktu,,,,Komputer/Teknik Informatika (Perangkat Lunak),51 - 200,"Asuransi kesehatan, Senin - Jumat, Kasual (contoh: Kaos)","['SQL', 'MySQL', 'PostgreSQL', 'PL-SQL', 'NoSQL', 'MongoDB', 'coding', 'Python', 'Hadoop', 'Hive', 'Pig', 'Kafka', 'Spark', 'Talend Studio', 'REST API', 'DBMS', 'data modeling', 'data visualization', 'Power BI', 'Tableau', 'communication skills', 'adaptable']",,,,['Jakarta Raya'],,"['Asuransi kesehatan', 'Senin - Jumat', 'Kasual (contoh: Kaos)']"
https://www.jobstreet.co.id/id/job/jr-data-engineer-1036231602?jobId=jobstreet-id-job-1036231602&sectionRank=853&token=0~236a5223-bfd1-492a-99d6-112187addc58&fr=SRP%20Job%20Listing,2023-06-21,Jakarta Raya,Penuh Waktu,,,,,,,"['SQL', 'Python', 'AWS', 'GCP', 'Kafka', 'Airflow', 'DBMS', 'data analysis', 'data visualization', 'adaptable']",,,,['Jakarta Raya'],,
https://www.jobstreet.co.id/id/job/junior-officer-data-engineer-4380308?jobId=jobstreet-id-job-4380308&sectionRank=872&token=0~c3f5861e-9faa-4bf2-b641-71445b8b7a72&fr=SRP%20Job%20Listing,2023-06-21,Jakarta Raya,Kontrak,Sarjana (S1),Pegawai (non-manajemen & non-supervisor),1,Kesehatan/Medis,1001 - 2000,"Asuransi Gigi, Asuransi kesehatan, Penglihatan, Senin - Jumat, Bisnis (contoh: Kemeja)","['SQL', 'PostgreSQL', 'OCI', 'Oracle Toad', 'Pentaho', 'DBMS', 'data warehousing', 'team player']",,,,['Jakarta Raya'],['Sarjana (S1)'],"['Asuransi Gigi', 'Asuransi kesehatan', 'Penglihatan', 'Senin - Jumat', 'Bisnis (contoh: Kemeja)']"
https://www.jobstreet.co.id/id/job/data-architecture-modelling-leasing-company-1036219970?jobId=jobstreet-id-job-1036219970&sectionRank=887&token=0~c3f5861e-9faa-4bf2-b641-71445b8b7a72&fr=SRP%20Job%20Listing,2023-06-20,Jakarta Raya,Penuh Waktu,,,,Konsultasi (Bisnis & Manajemen),51 - 200,"Tip, Asuransi kesehatan, Senin - Jumat, Bisnis (contoh: Kemeja), Attractive Salary, THR, BPJS, Annual & Sick Leaves","['NoSQL', 'Python']",,,,['Jakarta Raya'],,"['Tip', 'Asuransi kesehatan', 'Senin - Jumat', 'Bisnis (contoh: Kemeja)', 'Attractive Salary', 'THR', 'BPJS', 'Annual & Sick Leaves']"
https://www.jobstreet.co.id/id/job/sr.-data-engineer-1036219951?jobId=jobstreet-id-job-1036219951&sectionRank=896&token=0~c3f5861e-9faa-4bf2-b641-71445b8b7a72&fr=SRP%20Job%20Listing,2023-06-20,,Penuh Waktu,,,,"Konsultasi (IT, Ilmu Pengetahuan, Teknis & Teknikal)",51 - 200,"Tip, Kasual (contoh: Kaos), Senin - Jumat","['SQL', 'T-SQL', 'MySQL', 'PostgreSQL', 'NoSQL', 'MongoDB', 'Cassandra', 'Python', 'Java', 'PHP', 'Go', 'Hadoop', 'Hive', 'Impala', 'Presto', 'AWS', 'AWS EKS', 'GCP', 'GKE', 'Google Anthos', 'containerization', 'Docker', 'Kubernetes', 'Ansible', 'Terraform', 'Kafka', 'Flink', 'Storm', 'Spark', 'REST API', 'DBMS', 'data warehousing', 'data modeling', 'communication skills']",,,,,,"['Tip', 'Kasual (contoh: Kaos)', 'Senin - Jumat']"
https://www.jobstreet.co.id/id/job/it-database-administrator-staff-leasing-a-95613-4379349?jobId=jobstreet-id-job-4379349&sectionRank=905&token=0~800316cf-f1eb-409b-8e66-b3f448e5d352&fr=SRP%20Job%20Listing,2023-06-20,Jakarta Pusat,Penuh Waktu,"Sarjana (S1), Diploma Pascasarjana, Gelar Professional, Magister (S2)",Pegawai (non-manajemen & non-supervisor),1,Manajemen/Konsulting HR,1- 50,"Asuransi kesehatan, Penglihatan, Senin - Jumat, Bisnis (contoh: Kemeja)","['SQL', 'T-SQL', 'SSIS', 'DBMS', 'data warehousing', 'data visualization', 'good attitude', 'problem-solving skills', 'english']",7000000,10000000,8500000.0,['Jakarta Pusat'],"['Sarjana (S1)', 'Diploma Pascasarjana', 'Gelar Professional', 'Magister (S2)']","['Asuransi kesehatan', 'Penglihatan', 'Senin - Jumat', 'Bisnis (contoh: Kemeja)']"
https://www.jobstreet.co.id/id/job/data-engineer-%5B-junior-%5D-4379337?jobId=jobstreet-id-job-4379337&sectionRank=906&token=0~800316cf-f1eb-409b-8e66-b3f448e5d352&fr=SRP%20Job%20Listing,2023-06-20,Jakarta Utara,Penuh Waktu,"Sertifikat Professional, D3 (Diploma), D4 (Diploma), Sarjana (S1), Diploma Pascasarjana, Gelar Professional, Magister (S2)",Pegawai (non-manajemen & non-supervisor),1,Properti/Real Estate,Lebih dari 5000,"Asuransi Gigi, Tip, Asuransi kesehatan, Pinjaman, Parkir, Senin - Jumat, Bisnis (contoh: Kemeja), Marriage, Child Birth","['SQL', 'T-SQL', 'DBMS', 'ERP']",,,,['Jakarta Utara'],"['Sertifikat Professional', 'D3 (Diploma)', 'D4 (Diploma)', 'Sarjana (S1)', 'Diploma Pascasarjana', 'Gelar Professional', 'Magister (S2)']","['Asuransi Gigi', 'Tip', 'Asuransi kesehatan', 'Pinjaman', 'Parkir', 'Senin - Jumat', 'Bisnis (contoh: Kemeja)', 'Marriage', 'Child Birth']"
https://www.jobstreet.co.id/id/job/database-administrator-engineer-4378705?jobId=jobstreet-id-job-4378705&sectionRank=918&token=0~800316cf-f1eb-409b-8e66-b3f448e5d352&fr=SRP%20Job%20Listing,2023-06-20,Jakarta Raya,Penuh Waktu,Sarjana (S1),Pegawai (non-manajemen & non-supervisor),3,Perbankan/Pelayanan Keuangan,,,"['SQL', 'MySQL', 'TDSQL', 'MariaDB', 'coding', 'OCI', 'REST API', 'DBMS', 'problem-solving skills', 'discipline', 'english']",,,,['Jakarta Raya'],['Sarjana (S1)'],
https://www.jobstreet.co.id/id/job/database-administrator-engineer-1036195432?jobId=jobstreet-id-job-1036195432&sectionRank=973&token=0~073a74aa-7807-4500-8607-51f8e71b01c5&fr=SRP%20Job%20Listing,2023-06-18,Jakarta Raya,Penuh Waktu,,,,Perbankan/Pelayanan Keuangan,,,"['SQL', 'MySQL', 'TDSQL', 'MariaDB', 'coding', 'OCI', 'REST API', 'DBMS', 'problem-solving skills', 'project management skills', 'discipline', 'adaptable', 'english']",,,,['Jakarta Raya'],,
